title,year,genres,director,cast,rating,overview
Inception,2010,Action|Sci-Fi|Thriller,Christopher Nolan,Leonardo DiCaprio|Joseph Gordon-Levitt|Elliot Page,8.8,"A skilled thief who steals secrets from dreams is hired to plant an idea inside a target's mind."
Interstellar,2014,Adventure|Drama|Sci-Fi,Christopher Nolan,Matthew McConaughey|Anne Hathaway|Jessica Chastain,8.7,"Astronauts travel through a wormhole near Saturn to find a new home for humanity as Earth dies."
The Dark Knight,2008,Action|Crime|Drama,Christopher Nolan,Christian Bale|Heath Ledger|Aaron Eckhart,9.0,"Batman faces the chaotic Joker who pushes Gotham city and its heroes to their moral limits."
The Prestige,2006,Drama|Mystery|Sci-Fi,Christopher Nolan,Christian Bale|Hugh Jackman,8.5,"Two rival magicians in Victorian London wage an obsessive war to create the ultimate stage illusion."
The Matrix,1999,Action|Sci-Fi,Lana Wachowski|Lilly Wachowski,Keanu Reeves|Laurence Fishburne|Carrie-Anne Moss,8.7,"A hacker discovers reality is a simulation controlled by machines and joins a rebellion to free humanity."
3 Idiots,2009,Comedy|Drama,Rajkumar Hirani,Aamir Khan|R. Madhavan|Sharman Joshi,8.4,"Three engineering college friends challenge the pressure of rote learning and chase their real passions."
PK,2014,Comedy|Drama|Sci-Fi,Rajkumar Hirani,Aamir Khan|Anushka Sharma|Sanjay Dutt,8.1,"An innocent alien stranded on Earth asks funny questions about religion and belief while searching for his lost device."
Dangal,2016,Action|Biography|Drama,Nitesh Tiwari,Aamir Khan|Fatima Sana Shaikh|Sanya Malhotra,8.3,"A former wrestler trains his daughters to become world class female wrestlers against social expectations."
Lagaan,2001,Drama|Musical|Sport,Ashutosh Gowariker,Aamir Khan|Gracy Singh,8.1,"Villagers under British rule accept a cricket match challenge to escape crushing taxes."
Swades,2004,Drama,Ashutosh Gowariker,Shah Rukh Khan|Gayatri Joshi,8.2,"A NASA scientist returns to an Indian village and decides to help its people build a better future."
Taare Zameen Par,2007,Drama|Family,Aamir Khan,Darsheel Safary|Aamir Khan,8.3,"A teacher discovers that a struggling dyslexic child is a gifted artist who needs understanding and support."
Zindagi Na Milegi Dobara,2011,Comedy|Drama,Zoya Akhtar,Hrithik Roshan|Farhan Akhtar|Abhay Deol,8.2,"Three friends take a road trip across Spain, facing fears and rediscovering friendship and life."
Gully Boy,2019,Drama|Music,Zoya Akhtar,Ranveer Singh|Alia Bhatt,7.9,"A young man from the Mumbai slums finds his voice and rises through the underground rap scene."
Queen,2013,Adventure|Comedy|Drama,Vikas Bahl,Kangana Ranaut|Lisa Haydon,8.2,"A jilted bride goes on her honeymoon trip alone across Europe and discovers independence and confidence."
Jab We Met,2007,Comedy|Drama|Romance,Imtiaz Ali,Shahid Kapoor|Kareena Kapoor,7.9,"A depressed businessman meets a talkative girl on a train and their journey changes his life."
Dilwale Dulhania Le Jayenge,1995,Comedy|Drama|Romance,Aditya Chopra,Shah Rukh Khan|Kajol,8.0,"Two young Indians fall in love on a trip across Europe and must win over a strict father."
Andhadhun,2018,Comedy|Crime|Thriller,Sriram Raghavan,Ayushmann Khurrana|Tabu|Radhika Apte,8.2,"A pianist pretending to be blind witnesses a murder and gets pulled into a dark web of lies."
Drishyam,2015,Crime|Drama|Thriller,Nishikant Kamat,Ajay Devgn|Tabu|Shriya Saran,8.2,"A cable operator uses cunning to protect his family after a crime involving a police officer's son."
Kahaani,2012,Mystery|Thriller,Sujoy Ghosh,Vidya Balan|Parambrata Chatterjee,8.1,"A pregnant woman searches through Kolkata for her missing husband and uncovers a shocking conspiracy."
Baahubali: The Beginning,2015,Action|Drama|Fantasy,S. S. Rajamouli,Prabhas|Rana Daggubati|Anushka Shetty,8.0,"A young man discovers his royal heritage and fights to reclaim a kingdom from a tyrant."
RRR,2022,Action|Drama,S. S. Rajamouli,N. T. Rama Rao Jr.|Ram Charan|Alia Bhatt,7.8,"Two revolutionaries form a powerful friendship while fighting British colonial rule in India."
Tumbbad,2018,Drama|Fantasy|Horror,Rahi Anil Barve,Sohum Shah,8.2,"A greedy man hunts for hidden gold guarded by an ancient cursed god in a haunted village."
The Shawshank Redemption,1994,Drama,Frank Darabont,Tim Robbins|Morgan Freeman,9.3,"A banker wrongly jailed for murder befriends a fellow inmate and holds on to hope inside prison."
The Godfather,1972,Crime|Drama,Francis Ford Coppola,Marlon Brando|Al Pacino|James Caan,9.2,"The aging head of a powerful mafia family hands control of his empire to his reluctant son."
Pulp Fiction,1994,Crime|Drama,Quentin Tarantino,John Travolta|Uma Thurman|Samuel L. Jackson,8.9,"Interlocking stories of hitmen, a boxer and a gangster's wife unfold in violent and darkly funny Los Angeles."
Se7en,1995,Crime|Drama|Mystery,David Fincher,Brad Pitt|Morgan Freeman,8.6,"Two detectives hunt a serial killer who bases his murders on the seven deadly sins."
Fight Club,1999,Drama|Thriller,David Fincher,Brad Pitt|Edward Norton,8.8,"An insomniac office worker and a soap salesman start an underground fight club that spirals out of control."
Forrest Gump,1994,Drama|Romance,Robert Zemeckis,Tom Hanks|Robin Wright,8.8,"A kind man with a low IQ unknowingly witnesses and influences major moments of American history."
Back to the Future,1985,Adventure|Comedy|Sci-Fi,Robert Zemeckis,Michael J. Fox|Christopher Lloyd,8.5,"A teenager travels back in time in a DeLorean and must ensure his parents fall in love."
Gladiator,2000,Action|Adventure|Drama,Ridley Scott,Russell Crowe|Joaquin Phoenix,8.5,"A betrayed Roman general becomes a gladiator and seeks revenge against the corrupt emperor."
Titanic,1997,Drama|Romance,James Cameron,Leonardo DiCaprio|Kate Winslet,7.9,"A young artist and an aristocrat fall in love aboard the ill-fated ocean liner."
Avatar,2009,Action|Adventure|Sci-Fi,James Cameron,Sam Worthington|Zoe Saldana|Sigourney Weaver,7.9,"A marine joins the native people of the alien moon Pandora and must choose a side in a war."
Toy Story,1995,Animation|Adventure|Comedy,John Lasseter,Tom Hanks|Tim Allen,8.3,"A cowboy doll feels threatened by a new space ranger toy and both get lost far from home."
Finding Nemo,2003,Animation|Adventure|Comedy,Andrew Stanton,Albert Brooks|Ellen DeGeneres,8.2,"An overprotective clownfish crosses the ocean to rescue his son with help from a forgetful blue fish."
The Lion King,1994,Animation|Adventure|Drama,Roger Allers|Rob Minkoff,Matthew Broderick|Jeremy Irons,8.5,"A young lion prince flees his kingdom after his father's murder and later returns to claim his throne."
Spirited Away,2001,Animation|Adventure|Fantasy,Hayao Miyazaki,Rumi Hiiragi|Miyu Irino,8.6,"A girl wanders into a world of spirits and must work in a bathhouse to save her parents."
Parasite,2019,Comedy|Drama|Thriller,Bong Joon-ho,Song Kang-ho|Choi Woo-shik,8.5,"A poor family schemes its way into the household of a wealthy family with dark consequences."
Get Out,2017,Horror|Mystery|Thriller,Jordan Peele,Daniel Kaluuya|Allison Williams,7.7,"A young man visits his girlfriend's family estate and uncovers a disturbing secret."
The Conjuring,2013,Horror|Mystery|Thriller,James Wan,Vera Farmiga|Patrick Wilson,7.5,"Paranormal investigators help a family terrorized by a dark presence in their farmhouse."
A Quiet Place,2018,Drama|Horror|Sci-Fi,John Krasinski,Emily Blunt|John Krasinski,7.5,"A family must live in silence to hide from blind creatures that hunt by sound."
The Shining,1980,Drama|Horror,Stanley Kubrick,Jack Nicholson|Shelley Duvall,8.4,"A writer takes a winter caretaker job at an isolated hotel and slowly descends into madness."
Mad Max: Fury Road,2015,Action|Adventure|Sci-Fi,George Miller,Tom Hardy|Charlize Theron,8.1,"In a desert wasteland a rebel driver and a drifter flee a tyrant in a high speed chase."
Avengers: Endgame,2019,Action|Adventure|Sci-Fi,Anthony Russo|Joe Russo,Robert Downey Jr.|Chris Evans|Scarlett Johansson,8.4,"The surviving superheroes assemble to undo the devastation caused by Thanos and restore the universe."
Iron Man,2008,Action|Adventure|Sci-Fi,Jon Favreau,Robert Downey Jr.|Gwyneth Paltrow,7.9,"A billionaire engineer builds a powered armor suit to escape captivity and fight evil."
Jurassic Park,1993,Adventure|Sci-Fi,Steven Spielberg,Sam Neill|Laura Dern|Jeff Goldblum,8.2,"Scientists visit an island theme park of cloned dinosaurs and the security system fails."
La La Land,2016,Comedy|Drama|Music|Romance,Damien Chazelle,Ryan Gosling|Emma Stone,8.0,"A jazz pianist and an aspiring actress fall in love while chasing their dreams in Los Angeles."
Whiplash,2014,Drama|Music,Damien Chazelle,Miles Teller|J.K. Simmons,8.5,"A young drummer is pushed to his limits by an abusive and ruthless music instructor."
The Notebook,2004,Drama|Romance,Nick Cassavetes,Ryan Gosling|Rachel McAdams,7.8,"A poor young man and a wealthy girl fall in love over one summer despite class differences."
Superbad,2007,Comedy,Greg Mottola,Jonah Hill|Michael Cera,7.6,"Two awkward high school friends try to buy alcohol for a party before graduation."
The Hangover,2009,Comedy,Todd Phillips,Bradley Cooper|Ed Helms|Zach Galifianakis,7.7,"Three friends wake up after a wild bachelor party in Las Vegas with the groom missing."
